Номер договора,107 ВМ,Дата и время,25.08.26,,,,
Данные о мероприятии,,,,,,,
Формат,Коктейльный Бар ,,,,,,
Количество гостей,,Количество сотрудников,1 старший + 3 бармена,,,,
Данные от заказчика,коктейльный бар на презентации нового бренда моторного масла,,,,,,
Контакты по мероприятию ,,,,,,,
Менеджер по кейтерингу,Александр,,79523765797,,,,
Менеджер отдела продаж,Азамат,,9120883466,,,,
Заказчик,Юлия,,7 968 781 59 88,,,,
Представитель площадки,Виктория,,7 925 304 80 25,,,
Данные о площадке,,,,,,,
Название площадки,Futurione,,,,,,
Точный адрес,"2-я Останкинская ул., 3, Москва ",,,,,,
Комментарии,1 этаж. Занос в помещение не раньше 14:45. Паспорта обязательны для всего персонала.,,,,,,
Заезд свободный (по пропускам),Пропуск,Пропуск на авто и персонал до 21.08.26 (гос номер марка модель; фио),,,,,
Зона разгрузки и ее удаленность,Да,От зоны разгрузки до места работы 300м,,,,,
Согласованная мебель на площадке,Да,Барная стойка от площадки,,,,,
Согласованная посуда на площадке,Нет,Наше стекло,,,,,
Подключение к электричеству,Да,"220 (2кВт), 1 розетка + удлинитель на всякий случай",,,,,
Тайминги мероприятия,,,,,,,
Прибытие на площадку,14:00,Монтаж с 14:00; занос в помещение не раньше 14:45,,,,,
Подготовка к мероприятию,5 часов,"Готовность за полтора часа до начала, сделать фото по ТЗ, выслать менеджеру и в группу фото-отчетов",,,,,
Мероприятие,18:30-21:30,,,,,,
"Сбор, подсчет посуды, упаковка мебели",21:45,,,,,,
Персонал на мероприятии,,,,,,,
Фио,Должность,Телефон,,,Ник в соц сети,,
,Ст.бармен,,,,,,
,бармен,,,,,,
,бармен,,,,,,
,бармен,,,,,,
Оплаченные услуги,,,,,,,
Работа сотрудников (старший бармен + 3 бармена),,"3,5 часа",,,,,
Алкогольные коктейли,,200 штук,,,,,
Б/а коктейли,,150 штук,,,,,
Комплект крепкого алкоголя (для 70 коктейлей),,1,,,,,
"Эффектные подачи (кубы льда, 100 шт., оттиск латунный, работа с жидким азотом, аренда коктейльного бластера)",,1,,,,,
Аренда пивного драфт оборудования,,1,,,,,
Пиво Liebenbräu Helles,,2 по 30л,,,,,
Аренда стеклянных пивных пинт,,120,,,,,
"Логистика (туда-обратно), доставка, монтаж, такелаж, вывоз мусора",,1,,,,,
ВАЖНО: докрутка б/а → алк.,,до 70 порций,"Basil Smash, Mojito, Clover Club, Mai Tai — комплект чистого алкоголя на баре. Остаток алкоголя отдать заказчику.",,,
Текстиль,,,,,,,
Наименование,Минимальное количество,Комментарии,Погрузочное место,Сколько надо,Отметка погрузки,Сколько возврат,Расход
"Фартуки ""Без бренда""",По кол-ву сотрудников,"Чистые, глаженные, целые",4,,,,
Черные Рубашки,По кол-ву сотрудников,"Чистые, глаженные, целые",4,,,,
Черные Брюки,По кол-ву сотрудников,"Чистые, глаженные, целые",4,,,,
Инвентарь,,,,,,,
Шейкер,По 1 на сотрудника + посмотреть кол-во напитков способом Shake ,проверить состояние /чистота,4,,,,
Джиггер,По 1 на сотрудника + по кол-ву гостей в одном заходе,проверить состояние /чистота,8,,,,
Стрейнер хауторн,По 1 на сотрудника + посмотреть кол-во напитков,проверить состояние /чистота,4,,,,
Файн стрейнер,По 1 на сотрудника + посмотреть кол-во напитков,проверить состояние /чистота,4,,,,
Мадлер,По необходимости 1 на сотрудника + по кол-ву гостей в одном заходе,,2,,,,
Гейзер,По кол-ву бутылок (кроме воды/сока/игристого),проверить состояние /чистота,15,,,,
Органайзер под салфетки,мин 1 шт,проверить состояние /чистота,2,,,,
Совок для льда ,по 1 на сотрудника,проверить состояние /чистота,4,,,,
Щипцы пинцет,1 на сотрудника,проверить состояние /чистота,4,,,,
Щипцы для льда( большие ),1 на сотрудника,проверить состояние /чистота,22,,,,
Барная ложка,1 на сотрудника,проверить состояние /чистота,6,,,,
Доска разделочная,2 шт для барной стойки,проверить состояние /чистота,2,,,,
Нож барный,2 шт для барной стойки,проверить состояние /чистота,2,,,,
Нож для снятия цедры,мин 1 шт,проверить состояние /чистота,2,,,,
Емкости под украшения ,1 шт на 1 вид украшение ,,8,,,,
Кулер,мин 1 шт,проверить состояние /чистота,,,,,
Коктейльный бластер,1 комплект,проверить состояние /чистота,1,,,,
Гастроемкость ,мин 2 шт,проверить состояние /чистота,3,,,,
Оборудование,,,,,,,
Термобокс под лед,1 шт на 100 коктейлей (20 кг льда в 1 шт),проверить состояние /чистота,4,,,,
Мусорное ведро,мин 1 шт,проверить состояние /чистота,1,,,,
Отпариватель,,,1,,,,
Контейнер черный большой,,заполняется по факту,,,,,
Контейнер черный маленький,,заполняется по факту,,,,,
Пивное оборудование,,,,,,,
Миниприм,1 шт на стойку,Проверить герметичность соединений,1,,,,
Баллон CO2,По минипримам,Проверить совпадение гайки баллона и редуктора миниприма,1,,,,
Ключ разводной,1 шт,,1,,,,
Гайка переходник для редуктора,По необходимости,Проверить совпадение резьбы баллона и редуктора,1,,,,
Удлинитель ,Минимум 2 шт,по 30-50м,2,,,,
Ведро мусорное,1 шт на 1 стойку,Чистое и целое,2,,,,
Жидкий азот оборудование,,,,,,,
Сосуд Дюара с жидким азотов,,,1,,,,
Термосы для подачи,,,2,,,,
Пуншницы ,,,2,,,,
Электрический чайник,,,1,,,,
Лопатка деревянная,,,2,,,,
Латунный оттиск для льда,1 шт,"Для Negroni, Basil Smash, Old Fashioned — оттиск на каждый куб. После мероприятия отдаём заказчику.",1,,,
Хозка,,,,,,,
Ткань вафельная,1 метр на сотрудника в день,,4,,,,
Тряпка для натирки,мин 1 на сотрудника + 1 каждому если стекло,Микрофибра,4,,,,
Санитайзер для рук,1 на сотрудника,проверить на работоспособность,2,,,,
Салфетки,"кол-во напитков х 1,5",проверисть состояние ,400,,,,
Мусорные мешки,1 на 100 напитков,Лучше взять 2 минимум,4,,,,
Трубочки короткие тонкие ,"кол-во напитков х 1,5 (если есть олд фешен)",,250,,,,
Трубочки длинные тонкие ,"кол-во напитков х 1,5 ",,200,,,,
Бутылка ПЭТ 1л,,,20,,,,
Стрейч пленка,1 рулон ,,1,,,,
Скотч,мин 1 шт,,1,,,,
Посуда,,,,,,,
Old Fashioned,,проверить состояние /чистота,130,,,,
Highball,,проверить состояние /чистота,100,,,,
Wine glass,,проверить состояние /чистота,70,,,,
Shale,,проверить состояние /чистота,70,,,,
Пинта пивная ,,проверить состояние /чистота,120,,,,
Ингридиенты для упаковки,,,,,,,
Позиция ,,,Итого,,,,
Лед (20кг на 100 напитков),"0,15",,МСК,,,,
Крафтовый лед Кубы 5см,,,100,,,,
Белый ром,40,30,1200,,,,
Бурбон,45,30,1350,,,,
Биттер Ангостура,3 дэша,30,1 бут,,,,
Сахар рафинад,5 гр (1 кубик),30,150,,,,
Сухой джин,40,30,1200,,,,
Тоник,120,30,3600,,,,
Сухой джин,45,30,1350,,,,
Белок,20,70,1400,,,,
Сухой джин,60,30,1800,,,,
Ананасовый ром,60,30,1800,,,,
п/ф Сахарный сироп,20,70,1400,,,,
Газированная вода,60,70,4200,,,,
Лайм,50гр (1/2 лайма),70,3500,,,,
Мята (свежая),5гр (10 листиков),70,350,,,,
Лимон,8,100,2000,,,,
Банан,6,70,2000,,,,
Апельсин ,8,130,3250,,,,
Листья банана,,,100,,,,
Negroni,,,2700,,,,
Clover Club,,,5250,,,,
Basil Smash,,,3850,,,,
Mai Tai ,,,5600,,,,
Вода 19л бутыль,По 1 на миниприм ,,1,,,,
Пиво,По списку,Проверить сроки годности и пломбы,,,,,
Lager ,,,МСК,,,,
Ингридиенты для пребатчей,,,,,,,
Позиция ,Кол-во в напитке,Кол-во напитков,Итого,,,,
Negroni,,,,,,,
Сухой джин,30,30,900,,,,
Красный вермут,30,30,900,,,,
Лигаре Биттер,30,30,900,,,,
Clover Club,,,,,,,
Сироп Малина,20,70,1400,,,,
Пюре Малина,30,70,2100,,,,
п/ф Супер Джус лимонный,25,70,1750,,,,
Basil Smash,,,,,,,
п/ф Супер Джус лимонный,25,70,1750,,,,
п/ф Сахарный сироп,20,70,1400,,,,
Базилик свежий,10гр (8 листиков),70,700,,,,
Mai Tai ,,,,,,,
пюре Манго,30,70,2100,,,,
Сироп Амаретто,10,70,700,,,,
п/ф Супер Джус лаймовый,30,70,2100,,,,
Сироп Корица,10,70,700,,,,
Сахар песок ,,,5000,,,,
Лимон,8,100,1000,,,,
Декор,,,,,,,
Тейбл-тент (Светильник + магнитик),по кол-ву меню,,2,,,,
Бочонок декоративный,По необходимости,Чистый и целый,2,,,,
Солод,5 банок,Банки целые и чистые,5,,,,
Колосья декоративные,6 снопов,Целые в упаковке,6,,,,
Кружки пивные декоративные,2 шт,Чистые и целые,2,,,,
Документы,,,,,,,
Чек-лист (КОПИЯ),Отдать сотрудникам с собой,,1,,,,
Распечатка раскладки,Отдать сотрудникам с собой,,1,,,,
Карта упаковки и погруз места,Отдать сотрудникам с собой,,1,,,,
Паспорта сотрудников,Обязательно,У каждого члена команды при заезде на площадку,4,,,
,,,,,,,
Отметка ответственного,,,Составлял:,,Погружено:,Принял:,Подсчитал:
,,Фамилия И.О.  ,,,,,
,,Подпись  ,,,,,
,,,,,,,
,,,,,,,
Раскладка напитков АЛКО,,,,,,,
Negroni,Сухой джин,30,Олд Фешен,Крафт куб+оттск,Стир,Цедра апельсина,Охладить бокал подачи жидким азотом. В охлажденный бокал налить все ингредиенты. Наполнить бокал льдом до краев. Перемешать до однородности с помощью барной ложки в течении 90 секунд. Отжать цедру апельсина на поверхность коктейля. Свернуть цедру в твист и украсить ей коктейль. Подавать без трубочек.
,Красный вермут,30,,,,,
,Лигаре Биттер,30,,,,,
Mojito,Белый ром,40,Хайболл,Краш,Мадл+Свизл,Ведж лайма+Пучок мяты,"Охладить бокал подачи жидким азотом. В охлажденный бокал подачи положить 4 веджа лайма. Размять их с помощью мадлера, выдавив весь сок. Добавить листья мяты. Налить ром и сахарный сироп. Аккуратно помять мяту. Насыпать колотый лед до края бокала. Налить газированную воду. Размешать до однородности, распределив мяту и лайм равномерно по всему бокалу. Сверху насыпать горку колотого льда. Украсить веджем лайма и пучком мяты. Подавать с двумя трубочками "
,п/ф Сахарный сироп,20,,,,,
,Газированная вода,60,,,,,
,Лайм,50гр (1/2 лайма),,,,,
,Мята (свежая),5гр (10 листиков),,,,,
Old Fashioned,Бурбон,45,Олд Фешен,Крафт куб+оттиск,Мадл+Стир,Цедра апельсина,"Охладить бокал подачи жидким азотом. В охлажденный бокал полочить кубик тростникового сахара. Пропитать его ангостурой. С помощью мадлера размять кубик. Добавить 10мл содовой. Хорошенько перетереть сахар, полностью его растворив. Налить в бокал виски. Размешать до однородности. Наполнить бокал льдом до краев. Размешать барной ложкой, раскручивая лед в бокале в течении 90 секунд. Отжать цедру апельсина на поверхность коктейля. Свернуть цедру в твист и украсить ей коктейль. Подавать без трубочек."
,Биттер Ангостура,3 дэша,,,,,
,Сахар рафинад,5 гр (1 кубик),,,,,
Gin Tonic,Сухой джин,40,Хайболл,Кубик,Билд,Ринг лимона,Охладить бокал подачи жидким азотом. Охлажденный бокал подачи наполнить до краев льдом. Налить все ингредиенты в бокал. Перемешать до однородности барной ложкой. Украсить рингом лимона. Подавать без трубочек
,Тоник,120,,,,,
Clover Club,Сухой джин,45,Большое Шале,Нет,Бластер,Цедра лимона,"Охладить бокал подачи жидким азотом. В охлажденный шейкер налить все ингредиенты. Закрыть шейкер без льда и интенсивное встряхнуть до появления устойчивой пены. Открыть шейкер. Наполнить его на 2/3 льдом. Закрыть шейкер. Встряхнуть в течении 12 секунд. Перелить содержимое шейкера в охлажденный бокал подачи, изпользуя хайторн- и файн-стрейнер. Украсить цедрой лимона, закрепив ее на краю бокала"
,Сироп Малина,20,,,,,
,Пюре Малина,30,,,,,
,п/ф Супер Джус лимонный,25,,,,,
,Белок,20,,,,,
Basil Smash,Сухой джин,60,Олд Фешен,Крафт куб+оттиск,Мадл+Шейк,Лист базилика,"Охладить бокал подачи жидким азотом. В охлажденный шейкер положить листья базилика. С помощью мадлера хорошо их размять. Добавить все остальные ингредиенты к размятым листьям. Наполнить шейкер на 2/3 льдом. Закрыть шейкер. Встряхнуть в течении 12 секунд. Перелить содержимое шейкера в охлажденный бокал подачи наполненный льдом до краев, изпользуя хауторн- и файн-стрейнер. Украсить листом базилика, положив его на поверхность напитка. Подавать без трубочки."
,п/ф Супер Джус лимонный,25,,,,,
,п/ф Сахарный сироп,20,,,,,
,Базилик свежий,10гр (8 листиков),,,,,
Mai Tai ,Ананасовый ром,60,Винный бокал,краш,Шейк н Пур,Банановые листья+слайс банана,"Охладить бокал подачи жидким азотом. В охлажденный шейкер налить все ингредиенты. Добавить полный совок крашеного льда. Закрыть шейкер. Встряхнуть 5 секунд. Перелить содержимое шейкера вместе со льдом в охлажденный бокал подачи. Досыпать крашеного льда до полного бокала. Украсить двумя листьями бамбука, предварительно срезав их по диагонали. Добавить к украшению два ринга банана с кожурой. Подавать с двумя трубочками"
,пюре Манго,30,,,,,
,Сироп Амаретто,10,,,,,
,п/ф Супер Джус лаймовый,30,,,,,
,Сироп Корица,10,,,,,
,,,,,,,
Раскладка напитков БА,,,,,,,
Basil Smash БА,,,Олд Фешен,Кубик,Мадл+Шейк,Лист базилика,"Охладить бокал подачи жидким азотом. В охлажденный шейкер положить листья базилика. С помощью мадлера хорошо их размять. Добавить все остальные ингредиенты к размятым листьям. Наполнить шейкер на 2/3 льдом. Закрыть шейкер. Встряхнуть в течении 12 секунд. Перелить содержимое шейкера в охлажденный бокал подачи наполненный льдом до краев, изпользуя хауторн- и файн-стрейнер. Украсить листом базилика, положив его на поверхность напитка. Подавать без трубочки."
,п/ф Супер Джус лимонный,25,,,,,
,п/ф Сахарный сироп,20,,,,,
,Базилик свежий,10гр (8 листиков),,,,,
Mojito БА,,,Хайболл,Краш,Мадл+Свизл,Ведж лайма+Пучок мяты,"Охладить бокал подачи жидким азотом. В охлажденный бокал подачи положить 4 веджа лайма. Размять их с помощью мадлера, выдавив весь сок. Добавить листья мяты. Налить сахарный сироп. Аккуратно помять мяту. Насыпать колотый лед до края бокала. Налить газированную воду. Размешать до однородности, распределив мяту и лайм равномерно по всему бокалу. Сверху насыпать горку колотого льда. Украсить веджем лайма и пучком мяты. Подавать с двумя трубочками "
,п/ф Сахарный сироп,20,,,,,
,Газированная вода,60,,,,,
,Лайм,50гр (1/2 лайма),,,,,
,Мята (свежая),5гр (10 листиков),,,,,
Clover Club БА,,,Большое Шале,Нет,Бластер,Цедра лимона,"Охладить бокал подачи жидким азотом. В охлажденный шейкер налить все ингредиенты. Закрыть шейкер без льда и интенсивное встряхнуть до появления устойчивой пены. Открыть шейкер. Наполнить его на 2/3 льдом. Закрыть шейкер. Встряхнуть в течении 12 секунд. Перелить содержимое шейкера в охлажденный бокал подачи, изпользуя хайторн- и файн-стрейнер. Украсить цедрой лимона, закрепив ее на краю бокала"
,Сироп Малина,20,,,,,
,Пюре Малина,30,,,,,
,п/ф Супер Джус лимонный,25,,,,,
,Белок,20,,,,,
Mai Tai БА,,,Винный бокал,краш,Шейк н Пур,Банановые листья+слайс банана,"Охладить бокал подачи жидким азотом. В охлажденный шейкер налить все ингредиенты. Добавить полный совок крашеного льда. Закрыть шейкер. Встряхнуть 5 секунд. Перелить содержимое шейкера вместе со льдом в охлажденный бокал подачи. Досыпать крашеного льда до полного бокала. Украсить двумя листьями бамбука, предварительно срезав их по диагонали. Добавить к украшению два ринга банана с кожурой. Подавать с двумя трубочками"
,пюре Манго,30,,,,,
,Сироп Амаретто,10,,,,,
,п/ф Супер Джус лаймовый,30,,,,,
,Сироп Корица,10,,,,,
,,,,,,,
,,,,,, ,
Закупка ингридиентов,,,,,,,
Ананасовый ром,60,30,1800,,,,
Белый ром,40,30,1200,,,,
Сухой джин,40,30,5250,,,,
Бурбон,45,30,1350,,,,
Лигаре Биттер,30,30,900,,,,
Красный вермут,30,30,900,,,,
,,,,,,,
Биттер Ангостура,3 дэша,30,1 бут,,,,
,,,,,,,
Газированная вода,60,70,4200,,,,
Тоник,120,30,3600,,,,
,,,,,,,
пюре Манго,30,70,2100,,,,
Пюре Малина,30,70,2100,,,,
,,,,,,,
Сироп Малина,20,70,1400,,,,
Сироп Корица,10,70,700,,,,
Сироп Амаретто,10,70,700,,,,
,,,,,,,
Белок,20,70,1400,,,,
,,,,,,,
Базилик свежий,10гр (8 листиков),70,1000,,,,
Лайм,50гр (1/2 лайма),70,3500,,,,
Мята (свежая),5гр (10 листиков),70,700,,,,
Анельсин ,8,130,3250,,,,
Лимон,8,100,3000,,,,
Банан,6,70,2000,,,,
,,,,,,,
Сахар рафинад,5 гр (1 кубик),30,150,,,,
п/ф Супер Джус лимонный,25,70,3500,,,,
п/ф Супер Джус лаймовый,30,70,2100,,,,
п/ф Сахарный сироп,20,70,2800,,,,
Сахар песок ,,,5000,,,,
