Номер договора,112 ВМ,Дата и время,24.08.26,,,,
Данные о мероприятии,,,,,,,
Формат,Выездной коктейльный бар,,,,,,
Количество гостей,,Количество сотрудников,1 старший + 1 бармен,,,,
Данные от заказчика,День рождения директора компании Vkorpe,,,,,,
Комментарии к мероприятию,"Дресс-код total black: чёрная рубашка с закатанными рукавами, чёрные брюки, чёрный фартук без лого. Меню готовим мы.",,,,,,
Тайминги мероприятия (если есть) :,,,,,,,
Контакты по мероприятию ,,,,,,,
Менеджер по кейтерингу,Александр,,79523765797,,,,
Менеджер отдела продаж,Азамат,,9120883466,,,,
Заказчик,,,,,,,
Представитель заказчика на площадке,Анастасия,,+7 911 006 96 97,,,,
Данные о площадке,,,,,,,
Название площадки,"БЦ «Скороход», офис Vkorpe",,,,,,
Точный адрес,"Санкт-Петербург, БЦ Скороход — https://yandex.ru/maps/-/CTsp5DoJ",,,,,,
Комментарии,"3 этаж, лифт есть. Вход: кнопка Vkorpe → лифт → 3 этаж → звонок в дверь. Паспорта — на всякий случай.",,,,,,
Заезд свободный (по пропускам),Свободный,Документы на ввоз не нужны,,,,,
Зона разгрузки и ее удаленность,,Требуется уточнение,,,,,
Этажность и наличие лифта,Да,"3 этаж, лифт есть",,,,,
Мероприятие в помещении,Да,Офис на 3 этаже,,,,,
Согласованная мебель на площадке,Нет,Чёрная барная стойка от нас (1 шт.),,,,,
Согласованная посуда на площадке,Нет,Стеклянные бокалы — наши,,,,,
Подключение к электричеству,,Не указано в брифе — требуется уточнение,,,,,
Доступ к воде или мокрой точке,,Не указано в брифе — требуется уточнение,,,,,
Канализация,,Не указано в брифе — требуется уточнение,,,,,
Тайминги мероприятия,,,,,,,
Прибытие на площадку,11:00,Монтаж,,,,,
Подготовка к мероприятию,2 часа,"Готовность за полтора часа до начала, сделать фото по ТЗ, выслать менеджеру и в группу фото-отчетов",,,,,
Мероприятие,13:00-16:00,,,,,,
"Сбор, подсчет посуды, упаковка мебели",16:15,,,,,,
Персонал на мероприятии,,,,,,,
Фио,Должность,Телефон,,,Ник в соц сети,,
,Ст.бармен,,,,,,
,бармен,,,,,,
,,,,,,,
,,,,,,,
Оплаченные услуги,,,,,,,
Аренда барной стойки,,3 часа,Чёрная барная стойка (1 шт.),,,,
Аренда стеклянной посуды,,3 часа,,,,,
Старший бармен,,3 часа,,,,,
Бармен,,3 часа,,,,,
,,,,,,,
Алкогольные коктейли ,,55 штук,Названия не указаны в брифе текстом — только фото (3 позиции). Требуется уточнение.,,,,
Б/А Коктейли,,35 штук,"Pina Colada, Basil-Cucumber, Raspberry Passion",,,,
"Логистика (туда-обратно), доставка, монтаж, такелаж, вывоз мусора",,1,По брифу — 23 000 ₽,,,,
Текстиль,,,,,,,
Наименование,Минимальное количество,Комментарии,Сколько надо,Погрузочное место,Отметка погрузки,Сколько возврат,Расход
"Фартуки ""Все Включено""",По кол-ву сотрудников,"Чистые, глаженные, целые",,,,,
"Фартуки ""Без бренда""",По кол-ву сотрудников,"Чистые, глаженные, целые",,,,,
Белые Футболки ,По кол-ву сотрудников,"Чистые, глаженные, целые",,,,,
Белые Рубашки,По кол-ву сотрудников,"Чистые, глаженные, целые",,,,,
Черные Рубашки,По кол-ву сотрудников,"Чистые, глаженные, целые",,,,,
Черные Брюки,По кол-ву сотрудников,"Чистые, глаженные, целые",,,,,
Скатерть для стола,1шт ,Под цвет стойки (черная скатерть),,,,,
Очки,По кол-ву сотрудников,Чистые в футляре,,,,,
Инвентарь,,,,,,,
Шейкер,По 1 на сотрудника + посмотреть кол-во напитков способом Shake ,проверить состояние /чистота,,,,,
Джиггер,По 1 на сотрудника + по кол-ву гостей в одном заходе,проверить состояние /чистота,,,,,
Стрейнер хауторн,По 1 на сотрудника + посмотреть кол-во напитков,проверить состояние /чистота,,,,,
Файн стрейнер,По 1 на сотрудника + посмотреть кол-во напитков,проверить состояние /чистота,,,,,
Мадлер,По необходимости 1 на сотрудника + по кол-ву гостей в одном заходе,,,,,,
Гейзер,По кол-ву бутылок (кроме воды/сока/игристого),проверить состояние /чистота,,,,,
СпилСтоп,4 шт для барной стойки,проверить состояние /чистота,,,,,
Органайзер под салфетки,мин 1 шт,проверить состояние /чистота,,,,,
Совок для льда ,по 1 на сотрудника,проверить состояние /чистота,,,,,
Щипцы пинцет,1 на сотрудника,проверить состояние /чистота,,,,,
Щипцы для льда( большие ),1 на сотрудника,проверить состояние /чистота,,,,,
Барная ложка,1 на сотрудника,проверить состояние /чистота,,,,,
Доска разделочная,2 шт для барной стойки,проверить состояние /чистота,,,,,
Нож барный,2 шт для барной стойки,проверить состояние /чистота,,,,,
Нож для снятия цедры,мин 1 шт,проверить состояние /чистота,,,,,
Нарзанник,мин 1 шт,проверить состояние /чистота,,,,,
Емкости под украшения ,1 шт на 1 вид украшение ,,,,,,
Блюдце,если есть круста,,,,,,
Кулер,мин 1 шт,проверить состояние /чистота,,,,,
Сквизботл,Если есть пюре - по 1 на вид,проверить состояние /чистота,,,,,
Коктейльный бластер,1 комплект,проверить состояние /чистота,1.0,,,,
Гастроемкость ,мин 2 шт,проверить состояние /чистота,,,,,
Оборудование,,,,,,,
Блендер,1шт,,,,,,
Термобокс под лед,1 шт на 100 коктейлей (20 кг льда в 1 шт),проверить состояние /чистота,,,,,
Мусорное ведро,мин 1 шт,проверить состояние /чистота,,,,,
Отпариватель,,,,,,,
Кример,,,,,,,
Баллон N2O,,,,,,,
Ручной пищевой принтер ,,проверить работоспособность и катридж,,,,,
Контейнер черный большой,,заполняется по факту,,,,,
Контейнер черный маленький,,заполняется по факту,,,,,
Хозка,,,,,,,
Ткань вафельная,1 метр на сотрудника в день,,,,,,
Тряпка для натирки,мин 1 на сотрудника + 1 каждому если стекло,Микрофибра,,,,,
Санитайзер для рук,1 на сотрудника,проверить на работоспособность,,,,,
Салфетки,"кол-во напитков х 1,5",проверисть состояние ,,,,,
Мусорные мешки,1 на 100 напитков,Лучше взять 2 минимум,,,,,
Шпажки,по кол-ву необходимых на украшения + округляя до пачки,проверить состояние /чистата,,,,,
Трубочки короткие тонкие ,"кол-во напитков х 1,5 (если есть олд фешен)",,,,,,
Трубочки длинные тонкие ,"кол-во напитков х 1,5 ",,,,,,
Трубочки для бабл-ти,"кол-во напитков х 1,5 ",,,,,,
Трубочки для фреша ,"кол-во напитков х 1,5   (для смузи и соков)",,,,,,
"Стакан пластик матовый 0,375",по кол-ву напитков +20 %,,,,,,
Крышки под стаканы,по кол-ву напитков +20 %,,,,,,
Стрейч пленка,1 рулон ,,,,,,
Скотч,мин 1 шт,,,,,,
Посуда,,,,,,,
Wine glass,,проверить состояние /чистота,,,,,
Old Fashioned,,проверить состояние /чистота,,,,,
3 shots,,проверить состояние /чистота,,,,,
Collins,,проверить состояние /чистота,,,,,
Tiki,,проверить состояние /чистота,,,,,
Highball,,проверить состояние /чистота,,,,,
Shale,,проверить состояние /чистота,,,,,
Punch bowl,,проверить состояние /чистота,,,,,
Ингридиенты для упаковки,,,,,,,
Позиция ,Кол-во в напитке,Кол-во напитков,Итого,,,,
Лед (20кг на 100 напитков),"0,18",,18 кг (ориентир 20 кг / 100 напитков),,,,
,,,,,,,
,,,,,,,
,,,,,,,
,,,,,,,
,,,,,,,
,,,,,,,
,,,,,,,
,,,,,,,
,,,,,,,
,,,,,,,
,,,,,,,
Ингридиенты для пребатчей,,,,,,,
Позиция ,,,,,,,
,,,,,,,
,,,,,,,
,,,,,,,
,,,,,,,
Украшения,,,,,,,
Голубика,,,,,,,
Малина свежая,,,,,,,
Мята,,,,,,,
Цедра апельсина,,,,,,,
Чипс ананаса,,,,,,,
Чипс банана,,,,,,,
Чипс лимона,,,,,,,
Чипс апельсина,,,,,,,
Слайс Лимона,,,,,,,
Слайс Лайма,,,,,,,
Слайс Апельсина ,,,,,,,
Вейдж Лимона ,,,,,,,
Вейдж Лайма,,,,,,,
Вейдж Апельсина ,,,,,,,
Ринг Лимона,,,,,,,
Ринг Лайма ,,,,,,,
Ринг апельсина,,,,,,,
Гипсофила ,,,,,,,
Маршмелоу ,,,,,,,
Взбитые сливки ,,,,,,,
Кокосовая стружка,,,,,,,
Сахарная вата,,,,,,,
Декор,,,,,,,
Меню со списком напитков,,,,,,,
Тейбл-тент А4,,,,,,,
Тейбл-тент А5,,,,,,,
Тейбл-тент НОВЫЙ (Светильник + магнитик),,,,,,,
Цветы искуственные Розовые,,,,,,,
Цветы искуственные Желтые,,,,,,,
Вазы для цветов,,,,,,,
Ширма,,,,,,,
Свечи  электрические,,,,,,,
Креманки металлические,,,,,,,
Стакан резной толсое стекло под трубочки,,,,,,,
Мебель,,,,,,,
Стойка ЧЕРНАЯ Барная,,,,,,,
- Основа,,,,,,,
- Накладки на столещницу 2 шт,,,,,,,
- Раковина,,,,,,,
- Спидрек,,,,,,,
- Бутылка под слив 19л,,,,,,,
Стойка БЕЛАЯ Барная,,,,,,,
- Столешница барная,,,,,,,
- Фронтальная часть,,,,,,,
- Спидрек,,,,,,,
- Боковые части 2 шт,,,,,,,
- Рабочая поверхность,,,,,,,
- Нижняя полка,,,,,,,
Стеллаж вертикальный,,,,,,,
- Стеллаж,,,,,,,
- Полки,,,,,,,
Стеллаж Лесенка (металл-дерево),,,,,,,
Стол Складной (Длинный),,,,,,,
Столик коктейльный,,,,,,,
- Столик,,,,,,,
- Чехол на столик,,,,,,,
Документы,,,,,,,
Чек-лист (КОПИЯ),Отдать сотрудникам с собой,,1.0,,,,
Распечатка раскладки,Отдать сотрудникам с собой,,1.0,,,,
Карта упаковки и погруз места,Отдать сотрудникам с собой,,1.0,,,,
Паспорта сотрудников,2 шт.,На всякий случай — по брифу,,,,,
,,,,,,,
Отметка ответственного,,,Составлял:,,Погружено:,Принял:,Подсчитал:
,,Фамилия И.О.  ,,,,,
,,Подпись  ,,,,,
,,,,,,,
,,,,,,,
,,,,,,,
,,,,,,,
,,,,,,,
,,,,,,,
,,,,,,,
,,,,,,,
,,,,,,,
,,,,,,,
,,,,,,,
,,,,,,,
,,,,,,,
,,,,,,,
,,,,,,,
,,,,,,,
,,,,,,,
,,,,,,,
,,,,,,,
,,,,,,,
,,,,,,,
,,,,,,,
,,,,,,,
,,,,,,,
,,,,,,,
,,,,,,,
,,,,,,,
,,,,,,,
,,,,,,,
,,,,,,,
,,,,,,,
,,,,,,,
,,,,,,,
,,,,,,,
,,,,,,,
,,,,,,,
,,,,,,,
,,,,,,,
,,,,,,,
,,,,,,,
,,,,,,,
,,,,,,,
,,,,,,,
,,,,,,,
,,,,,,,
,,,,,,,
,,,,,,,
,,,,,,,
,,,,,,,
,,,,,,,
,,,,,,,
,,,,,,,
,,,,,,,
,,,,,,,
,,,,,,,
,,,,,,,
,,,,,,,
,,,,,,,
,,,,,,,
,,,,,,,
,,,,,,,
,,,,,,,
,,,,,,,
,,,,,,,
,,,,,,,
,,,,,,,
,,,,,,,
,,,,,,,
,,,,,,,
,,,,,,,
,,,,,,,
,,,,,,,
,,,,,,,
,,,,,,,
,,,,,,,
,,,,,,,
,,,,,,,
,,,,,,,
,,,,,,,
,,,,,,,
,,,,,,,
,,,,,,,
,,,,,,,
,,,,,,,
,,,,,,,
,,,,,,,
,,,,,,,
,,,,,,,
,,,,,,,
,,,,,,,
,,,,,,,
,,,,,,,
,,,,,,,
,,,,,,,
,,,,,,,
,,,,,,,
,,,,,,,
,,,,,,,
,,,,,,,
,,,,,,,
,,,,,,,
,,,,,,,
,,,,,,,
,,,,,,,
,,,,,,,
,,,,,,,
,,,,,,,
,,,,,,,
,,,,,,,
,,,,,,,
,,,,,,,
,,,,,,,
,,,,,,,
,,,,,,,
,,,,,,,
,,,,,,,
,,,,,,,
,,,,,,,
,,,,,,,
,,,,,,,
,,,,,,,
,,,,,,,
,,,,,,,
,,,,,,,
,,,,,,,
,,,,,,,
,,,,,,,
,,,,,,,
,,,,,,,
,,,,,,,
,,,,,,,
,,,,,,,
,,,,,,,
,,,,,,,
,,,,,,,
,,,,,,,
,,,,,,,
,,,,,,,
,,,,,,,
,,,,,,,
,,,,,,,
,,,,,,,
,,,,,,,
,,,,,,,
,,,,,,,
,,,,,,,
,,,,,,,
,,,,,,,
,,,,,,,
,,,,,,,
,,,,,,,
,,,,,,,
,,,,,,,
,,,,,,,
,,,,,,,
,,,,,,,
,,,,,,,
,,,,,,,
,,,,,,,
,,,,,,,
,,,,,,,
,,,,,,,
,,,,,,,
,,,,,,,
,,,,,,,
,,,,,,,
,,,,,,,
,,,,,,,
,,,,,,,
,,,,,,,
,,,,,,,
,,,,,,,
,,,,,,,
,,,,,,,
,,,,,,,
,,,,,,,
,,,,,,,
,,,,,,,
,,,,,,,
,,,,,,,
,,,,,,,
,,,,,,,
,,,,,,,
,,,,,,,
,,,,,,,
,,,,,,,
,,,,,,,
,,,,,,,
,,,,,,,
,,,,,,,
,,,,,,,
,,,,,,,
,,,,,,,
,,,,,,,
,,,,,,,
,,,,,,,
,,,,,,,
,,,,,,,
,,,,,,,
,,,,,,,
,,,,,,,
,,,,,,,
,,,,,,,
,,,,,,,
,,,,,,,
,,,,,,,
,,,,,,,
,,,,,,,
,,,,,,,
,,,,,,,
,,,,,,,
,,,,,,,
,,,,,,,
,,,,,,,
,,,,,,,
,,,,,,,
,,,,,,,
,,,,,,,
,,,,,,,
,,,,,,,
,,,,,,,
,,,,,,,
,,,,,,,
,,,,,,,
,,,,,,,
,,,,,,,
,,,,,,,
,,,,,,,
,,,,,,,
,,,,,,,
,,,,,,,
,,,,,,,
,,,,,,,
,,,,,,,
,,,,,,,
,,,,,,,
,,,,,,,
,,,,,,,
,,,,,,,
,,,,,,,
,,,,,,,
,,,,,,,
,,,,,,,
,,,,,,,
,,,,,,,
,,,,,,,
,,,,,,,
,,,,,,,
,,,,,,,
,,,,,,,
,,,,,,,
,,,,,,,
,,,,,,,
,,,,,,,
,,,,,,,
,,,,,,,
,,,,,,,
,,,,,,,
,,,,,,,
,,,,,,,
,,,,,,,
,,,,,,,
,,,,,,,
,,,,,,,
,,,,,,,
,,,,,,,
,,,,,,,
,,,,,,,
,,,,,,,
,,,,,,,
,,,,,,,
,,,,,,,
,,,,,,,
,,,,,,,
,,,,,,,
,,,,,,,
,,,,,,,
,,,,,,,
,,,,,,,
,,,,,,,
,,,,,,,
,,,,,,,
,,,,,,,
,,,,,,,
,,,,,,,
,,,,,,,
,,,,,,,
,,,,,,,
,,,,,,,
,,,,,,,
,,,,,,,
,,,,,,,
,,,,,,,
,,,,,,,
,,,,,,,
,,,,,,,
,,,,,,,
,,,,,,,
,,,,,,,
,,,,,,,
,,,,,,,
,,,,,,,
,,,,,,,
,,,,,,,
,,,,,,,
,,,,,,,
,,,,,,,
,,,,,,,
,,,,,,,
,,,,,,,
,,,,,,,
,,,,,,,
,,,,,,,
,,,,,,,
,,,,,,,
,,,,,,,
,,,,,,,
,,,,,,,
,,,,,,,
,,,,,,,
,,,,,,,
,,,,,,,
,,,,,,,
,,,,,,,
,,,,,,,
,,,,,,,
,,,,,,,
,,,,,,,
,,,,,,,
,,,,,,,
,,,,,,,
,,,,,,,
,,,,,,,
,,,,,,,
,,,,,,,
,,,,,,,
,,,,,,,
,,,,,,,
,,,,,,,
,,,,,,,
,,,,,,,
,,,,,,,
,,,,,,,
,,,,,,,
,,,,,,,
,,,,,,,
,,,,,,,
,,,,,,,
,,,,,,,
,,,,,,,
,,,,,,,
,,,,,,,
,,,,,,,
,,,,,,,
,,,,,,,
,,,,,,,
,,,,,,,
,,,,,,,
,,,,,,,
,,,,,,,
,,,,,,,
,,,,,,,
,,,,,,,
,,,,,,,
,,,,,,,
,,,,,,,
,,,,,,,
,,,,,,,
,,,,,,,
,,,,,,,
,,,,,,,
,,,,,,,
,,,,,,,
,,,,,,,
,,,,,,,
,,,,,,,
,,,,,,,
,,,,,,,
,,,,,,,
,,,,,,,
,,,,,,,
,,,,,,,
,,,,,,,
,,,,,,,
,,,,,,,
,,,,,,,
,,,,,,,
,,,,,,,
,,,,,,,
,,,,,,,
,,,,,,,
,,,,,,,
,,,,,,,
,,,,,,,
,,,,,,,
,,,,,,,
,,,,,,,
,,,,,,,
,,,,,,,
,,,,,,,
,,,,,,,
,,,,,,,
,,,,,,,
,,,,,,,
,,,,,,,
,,,,,,,
,,,,,,,
,,,,,,,
,,,,,,,
,,,,,,,
,,,,,,,
,,,,,,,
,,,,,,,
,,,,,,,
,,,,,,,
,,,,,,,
,,,,,,,
,,,,,,,
,,,,,,,
,,,,,,,
,,,,,,,
,,,,,,,
,,,,,,,
,,,,,,,
,,,,,,,
,,,,,,,
,,,,,,,
,,,,,,,
,,,,,,,
,,,,,,,
,,,,,,,
,,,,,,,
,,,,,,,
,,,,,,,
,,,,,,,
,,,,,,,
,,,,,,,
,,,,,,,
,,,,,,,
,,,,,,,
,,,,,,,
,,,,,,,
,,,,,,,
,,,,,,,
,,,,,,,
,,,,,,,
,,,,,,,
,,,,,,,
,,,,,,,
,,,,,,,
,,,,,,,
,,,,,,,
,,,,,,,
,,,,,,,
,,,,,,,
,,,,,,,
,,,,,,,
,,,,,,,
,,,,,,,
,,,,,,,
,,,,,,,
,,,,,,,
,,,,,,,
,,,,,,,
,,,,,,,
,,,,,,,
,,,,,,,
,,,,,,,
,,,,,,,
,,,,,,,
,,,,,,,
,,,,,,,
,,,,,,,
,,,,,,,
,,,,,,,
,,,,,,,
,,,,,,,
,,,,,,,
,,,,,,,
,,,,,,,
,,,,,,,
,,,,,,,
,,,,,,,
,,,,,,,
,,,,,,,
,,,,,,,
,,,,,,,
,,,,,,,
,,,,,,,
,,,,,,,
,,,,,,,
,,,,,,,
,,,,,,,
,,,,,,,
,,,,,,,
,,,,,,,
,,,,,,,
,,,,,,,
,,,,,,,
,,,,,,,
,,,,,,,
,,,,,,,
,,,,,,,
,,,,,,,
,,,,,,,
,,,,,,,
,,,,,,,
,,,,,,,
,,,,,,,
,,,,,,,
,,,,,,,
,,,,,,,
,,,,,,,
,,,,,,,
,,,,,,,
,,,,,,,
,,,,,,,
,,,,,,,
,,,,,,,
,,,,,,,
,,,,,,,
,,,,,,,
,,,,,,,
,,,,,,,
,,,,,,,
,,,,,,,
,,,,,,,
,,,,,,,
,,,,,,,
,,,,,,,
,,,,,,,
,,,,,,,
,,,,,,,
,,,,,,,
,,,,,,,
,,,,,,,
,,,,,,,
,,,,,,,
,,,,,,,
,,,,,,,
,,,,,,,
,,,,,,,
,,,,,,,
,,,,,,,
,,,,,,,
,,,,,,,
,,,,,,,
,,,,,,,
,,,,,,,
,,,,,,,
,,,,,,,
,,,,,,,
,,,,,,,
,,,,,,,
,,,,,,,
,,,,,,,
,,,,,,,
,,,,,,,
,,,,,,,
,,,,,,,
,,,,,,,
,,,,,,,
,,,,,,,
,,,,,,,
,,,,,,,
,,,,,,,
,,,,,,,
,,,,,,,
,,,,,,,
,,,,,,,
,,,,,,,
,,,,,,,
,,,,,,,
,,,,,,,
,,,,,,,
,,,,,,,
,,,,,,,
,,,,,,,
,,,,,,,
,,,,,,,
,,,,,,,
,,,,,,,
,,,,,,,
,,,,,,,
,,,,,,,
,,,,,,,
,,,,,,,
,,,,,,,
,,,,,,,
,,,,,,,
,,,,,,,
,,,,,,,
,,,,,,,
,,,,,,,
,,,,,,,
,,,,,,,
,,,,,,,
,,,,,,,
,,,,,,,
,,,,,,,
,,,,,,,
,,,,,,,
,,,,,,,
,,,,,,,
,,,,,,,
,,,,,,,
,,,,,,,
,,,,,,,
,,,,,,,
,,,,,,,
,,,,,,,
,,,,,,,
,,,,,,,
,,,,,,,
,,,,,,,
,,,,,,,
,,,,,,,
,,,,,,,
,,,,,,,
,,,,,,,
,,,,,,,
,,,,,,,
,,,,,,,
,,,,,,,
,,,,,,,
,,,,,,,
,,,,,,,
,,,,,,,
,,,,,,,
,,,,,,,
,,,,,,,
,,,,,,,
,,,,,,,
,,,,,,,
,,,,,,,
,,,,,,,
,,,,,,,
,,,,,,,
,,,,,,,
,,,,,,,
,,,,,,,
,,,,,,,
,,,,,,,
,,,,,,,
,,,,,,,
,,,,,,,
,,,,,,,
,,,,,,,
,,,,,,,
,,,,,,,
,,,,,,,
,,,,,,,
,,,,,,,
,,,,,,,
,,,,,,,
,,,,,,,
,,,,,,,
,,,,,,,
,,,,,,,
,,,,,,,
,,,,,,,
,,,,,,,
,,,,,,,
,,,,,,,
,,,,,,,
,,,,,,,
,,,,,,,
,,,,,,,
,,,,,,,
,,,,,,,
,,,,,,,
,,,,,,,
,,,,,,,
,,,,,,,
,,,,,,,
,,,,,,,
,,,,,,,
,,,,,,,
,,,,,,,
,,,,,,,
,,,,,,,
,,,,,,,
,,,,,,,
,,,,,,,
,,,,,,,
,,,,,,,
,,,,,,,
,,,,,,,
,,,,,,,
,,,,,,,
,,,,,,,
,,,,,,,
,,,,,,,
,,,,,,,
,,,,,,,
,,,,,,,
,,,,,,,
,,,,,,,
,,,,,,,
,,,,,,,
,,,,,,,
,,,,,,,
,,,,,,,
,,,,,,,
,,,,,,,
,,,,,,,
,,,,,,,
,,,,,,,
,,,,,,,
,,,,,,,
,,,,,,,
,,,,,,,
,,,,,,,
,,,,,,,
,,,,,,,
,,,,,,,
,,,,,,,
,,,,,,,
,,,,,,,
,,,,,,,
,,,,,,,
,,,,,,,
,,,,,,,
,,,,,,,
,,,,,,,
,,,,,,,
,,,,,,,
,,,,,,,
,,,,,,,
,,,,,,,
,,,,,,,
,,,,,,,
,,,,,,,
,,,,,,,
,,,,,,,
,,,,,,,
,,,,,,,
,,,,,,,
,,,,,,,
,,,,,,,
,,,,,,,
,,,,,,,
,,,,,,,
,,,,,,,
,,,,,,,
,,,,,,,
,,,,,,,
,,,,,,,
,,,,,,,
,,,,,,,
,,,,,,,
,,,,,,,
,,,,,,,
,,,,,,,
,,,,,,,
,,,,,,,
,,,,,,,
,,,,,,,
,,,,,,,
,,,,,,,
,,,,,,,
,,,,,,,
,,,,,,,
,,,,,,,
,,,,,,,
,,,,,,,
,,,,,,,
,,,,,,,
,,,,,,,
,,,,,,,
,,,,,,,
,,,,,,,
,,,,,,,
,,,,,,,
,,,,,,,
,,,,,,,
,,,,,,,
,,,,,,,
,,,,,,,
,,,,,,,
,,,,,,,
,,,,,,,
,,,,,,,
,,,,,,,
,,,,,,,
,,,,,,,
,,,,,,,
,,,,,,,
,,,,,,,
,,,,,,,
,,,,,,,
,,,,,,,
,,,,,,,
,,,,,,,
,,,,,,,
,,,,,,,
,,,,,,,
,,,,,,,
,,,,,,,
,,,,,,,
,,,,,,,
,,,,,,,
,,,,,,,
,,,,,,,
,,,,,,,
,,,,,,,
,,,,,,,
,,,,,,,
,,,,,,,
,,,,,,,
,,,,,,,
,,,,,,,
,,,,,,,
,,,,,,,
,,,,,,,
,,,,,,,
,,,,,,,
,,,,,,,
,,,,,,,
,,,,,,,
,,,,,,,
,,,,,,,
,,,,,,,
,,,,,,,
,,,,,,,
,,,,,,,
,,,,,,,
,,,,,,,
,,,,,,,
,,,,,,,
,,,,,,,
,,,,,,,
,,,,,,,
,,,,,,,
,,,,,,,
,,,,,,,
,,,,,,,
,,,,,,,
,,,,,,,
,,,,,,,
,,,,,,,
,,,,,,,
,,,,,,,
,,,,,,,
,,,,,,,
,,,,,,,
,,,,,,,
,,,,,,,
,,,,,,,
,,,,,,,
,,,,,,,
,,,,,,,
,,,,,,,
,,,,,,,
,,,,,,,
,,,,,,,
,,,,,,,
,,,,,,,
,,,,,,,
,,,,,,,
,,,,,,,
,,,,,,,
,,,,,,,
,,,,,,,
,,,,,,,
,,,,,,,
,,,,,,,
,,,,,,,
,,,,,,,
,,,,,,,
,,,,,,,
,,,,,,,
,,,,,,,
,,,,,,,
,,,,,,,
,,,,,,,
,,,,,,,
,,,,,,,
,,,,,,,
,,,,,,,
,,,,,,,
,,,,,,,
,,,,,,,
,,,,,,,
,,,,,,,
,,,,,,,
,,,,,,,
,,,,,,,
,,,,,,,
,,,,,,,
,,,,,,,
,,,,,,,
,,,,,,,
,,,,,,,
,,,,,,,
,,,,,,,
,,,,,,,
,,,,,,,
,,,,,,,
,,,,,,,
,,,,,,,
,,,,,,,
,,,,,,,
,,,,,,,
,,,,,,,
,,,,,,,
,,,,,,,
,,,,,,,
,,,,,,,
,,,,,,,
,,,,,,,
,,,,,,,
,,,,,,,
,,,,,,,
,,,,,,,
,,,,,,,
,,,,,,,
,,,,,,,
,,,,,,,
,,,,,,,
,,,,,,,
,,,,,,,
,,,,,,,
,,,,,,,
,,,,,,,
,,,,,,,
,,,,,,,
,,,,,,,
,,,,,,,
,,,,,,,
,,,,,,,
,,,,,,,
,,,,,,,
,,,,,,,
,,,,,,,
,,,,,,,
,,,,,,,
,,,,,,,
,,,,,,,
,,,,,,,
,,,,,,,
,,,,,,,
,,,,,,,
,,,,,,,
,,,,,,,
,,,,,,,
,,,,,,,
,,,,,,,
,,,,,,,
,,,,,,,
,,,,,,,
,,,,,,,
,,,,,,,
,,,,,,,
,,,,,,,
,,,,,,,
,,,,,,,
,,,,,,,
,,,,,,,
,,,,,,,
,,,,,,,
,,,,,,,
,,,,,,,
